timestamp,lat,lon,alt,waypoint_index,pm25,eco2,tvoc,temp,hum,aqi
2026-09-23T22:48:29.657052,16.074932066774018,108.15275073051453,30,0,56.75759696736146,362.6647161889587,0,33.08335113962407,82.20831937140296,3
2026-09-23T22:48:29.758446,16.074932066774018,108.15275073051453,30,0,58.76517167140265,354.98608322080537,0,32.93967454023792,82.36584568212665,3
2026-09-23T22:48:29.859544,16.074932066774018,108.15275073051453,30,0,65.26680381646943,354.6022730497121,0,33.16934882343518,81.55307494516272,3
2026-09-23T22:48:30.042331,16.074932066774018,108.15275073051453,30,0,63.927747435773604,370.1490319967847,0,33.59143505235432,82.82126343127389,3
2026-09-23T22:48:30.145893,16.074932066774018,108.15275073051453,30,0,69.48426622580017,350,0,33.731749119431385,83.38830371564498,3
2026-09-23T22:48:30.247186,16.074932066774018,108.15275073051453,30,0,66.1633311999897,350,0,33.43445553102689,83.06189528914992,3
2026-09-23T22:48:30.348232,16.074932066774018,108.15275073051453,30,0,64.14820044526854,350,0,33.579866472213645,82.7322805127853,3
2026-09-23T22:48:30.449423,16.074932066774018,108.15275073051453,30,0,71.18710855129974,350,0,33.714305967463645,81.87245058621063,3
2026-09-23T22:48:30.550183,16.074932066774018,108.15275073051453,30,0,70.40565704341243,355.63528770637083,0,33.932541452839914,81.35402959976938,3
2026-09-23T22:48:30.650981,16.074932066774018,108.15275073051453,30,0,73.45879613408364,350.20203215399033,0,34.04979802817328,81.8338369537797,3
16.074932066774018,108.15275073051453,30,2026-09-23T22:48:30.752121,0,65.95646794908615,354.8239424316622,0.0,33.52265261268003,82.31913000873061,3,10
2026-09-23T22:48:41.993724,16.07544915407686,108.15470342627259,30,1,77.71681712405639,350,3.940934875135607,34.36303194028976,81.36105041145487,3
2026-09-23T22:48:42.094949,16.07544915407686,108.15470342627259,30,1,79.87083216389219,350,0,34.57643827085737,82.35467757081233,3
2026-09-23T22:48:42.196106,16.07544915407686,108.15470342627259,30,1,77.80731236199364,350,0,35.06543215650924,82.46237772356008,3
2026-09-23T22:48:42.297230,16.07544915407686,108.15470342627259,30,1,80.75397142957543,350,0,35.03890206916063,83.3556148440077,3
2026-09-23T22:48:42.398358,16.07544915407686,108.15470342627259,30,1,81.5844273809692,350,4.721070117437069,35.02144646811019,83.7065248046155,3
2026-09-23T22:48:42.499608,16.07544915407686,108.15470342627259,30,1,76.99694769316461,350,0.2539421507508912,35.31090470236899,84.84842298429703,3
2026-09-23T22:48:42.601206,16.07544915407686,108.15470342627259,30,1,75.83655999460613,358.72198391119946,4.660819968086223,35.089213519789816,84.16448360796191,3
2026-09-23T22:48:42.703322,16.07544915407686,108.15470342627259,30,1,75.53734529485865,350,0,34.85927101500661,83.2634243425159,3
2026-09-23T22:48:42.804466,16.07544915407686,108.15470342627259,30,1,71.15583499134806,377.1231031984753,0,35.2549205143074,85,3
2026-09-23T22:48:42.905388,16.07544915407686,108.15470342627259,30,1,73.45533490682111,350,0,35.22790396277582,85,3
16.07544915407686,108.15470342627259,30,2026-09-23T22:48:43.006397,1,77.07153833412853,353.5845087109675,1.357676711140979,34.98074646191758,83.55165762892253,3,10
2026-09-23T23:35:19.810803,16.0758599,108.1573749,35.0,0,46.5,68.8,484.0,145.0,0.8,27.1,28.4,68.8,93,Trung bình,PM2.5,"{'pm25': 93, 'pm10': 59, 'co': 8, 'no2': 14, 'eco2': 40, 'level': 2, 'color': '#eab308'}"
2026-09-23T23:35:19.891789,16.0758599,108.1573749,35.0,0,45.5,65.9,487.0,140.0,0.81,27.0,28.4,68.1,91,Trung bình,PM2.5,"{'pm25': 91, 'pm10': 58, 'co': 8, 'no2': 13, 'eco2': 41, 'level': 2, 'color': '#eab308'}"
2026-09-23T23:35:19.973085,16.0758599,108.1573749,35.0,0,44.5,69.8,489.0,134.0,0.82,26.0,28.4,68.5,89,Trung bình,PM2.5,"{'pm25': 89, 'pm10': 60, 'co': 8, 'no2': 13, 'eco2': 41, 'level': 2, 'color': '#eab308'}"
2026-09-23T23:35:20.053873,16.0758599,108.1573749,35.0,0,42.5,63.5,480.0,135.0,0.85,27.2,28.3,68.4,85,Trung bình,PM2.5,"{'pm25': 85, 'pm10': 57, 'co': 8, 'no2': 14, 'eco2': 40, 'level': 2, 'color': '#eab308'}"
2026-09-23T23:35:20.134951,16.0758599,108.1573749,35.0,0,45.2,65.0,468.0,139.0,0.82,28.0,28.4,68.7,90,Trung bình,PM2.5,"{'pm25': 90, 'pm10': 58, 'co': 8, 'no2': 14, 'eco2': 39, 'level': 2, 'color': '#eab308'}"
2026-09-23T23:35:20.215897,16.0758599,108.1573749,35.0,0,44.5,67.1,462.0,131.0,0.86,28.4,28.5,68.5,89,Trung bình,PM2.5,"{'pm25': 89, 'pm10': 59, 'co': 9, 'no2': 14, 'eco2': 38, 'level': 2, 'color': '#eab308'}"
2026-09-23T23:35:20.296779,16.0758599,108.1573749,35.0,0,44.4,68.7,451.0,123.0,0.89,29.2,28.5,69.0,89,Trung bình,PM2.5,"{'pm25': 89, 'pm10': 59, 'co': 9, 'no2': 15, 'eco2': 38, 'level': 2, 'color': '#eab308'}"
2026-09-23T23:50:43.811849,16.077226870612648,108.15284366883415,35.0,0,176.4,280.3,1137.0,290.0,2.37,52.8,28.5,68.2,226,Rất xấu,PM2.5,"{'pm25': 226, 'pm10': 165, 'co': 24, 'no2': 26, 'eco2': 114, 'level': 5, 'color': '#a855f7'}"
2026-09-23T23:50:43.892915,16.077226870612648,108.15284366883415,35.0,0,174.9,275.0,1135.0,281.0,2.38,53.0,28.5,68.9,225,Rất xấu,PM2.5,"{'pm25': 225, 'pm10': 163, 'co': 24, 'no2': 27, 'eco2': 114, 'level': 5, 'color': '#a855f7'}"
2026-09-23T23:50:43.973907,16.077226870612648,108.15284366883415,35.0,0,172.7,253.9,1127.0,274.0,2.35,53.6,28.4,68.3,223,Rất xấu,PM2.5,"{'pm25': 223, 'pm10': 152, 'co': 24, 'no2': 27, 'eco2': 113, 'level': 5, 'color': '#a855f7'}"
2026-09-23T23:50:44.055133,16.077226870612648,108.15284366883415,35.0,0,171.0,270.3,1117.0,280.0,2.33,54.7,28.4,68.3,221,Rất xấu,PM2.5,"{'pm25': 221, 'pm10': 160, 'co': 23, 'no2': 27, 'eco2': 112, 'level': 5, 'color': '#a855f7'}"
2026-09-23T23:50:44.136026,16.077226870612648,108.15284366883415,35.0,0,173.4,254.4,1127.0,277.0,2.34,53.9,28.4,68.2,223,Rất xấu,PM2.5,"{'pm25': 223, 'pm10': 152, 'co': 23, 'no2': 27, 'eco2': 113, 'level': 5, 'color': '#a855f7'}"
2026-09-23T23:50:44.216934,16.077226870612648,108.15284366883415,35.0,0,175.4,266.9,1130.0,273.0,2.3,53.5,28.4,68.9,225,Rất xấu,PM2.5,"{'pm25': 225, 'pm10': 158, 'co': 23, 'no2': 27, 'eco2': 113, 'level': 5, 'color': '#a855f7'}"
2026-09-23T23:50:44.297902,16.077226870612648,108.15284366883415,35.0,0,175.1,256.3,1138.0,278.0,2.3,54.3,28.3,68.6,225,Rất xấu,PM2.5,"{'pm25': 225, 'pm10': 153, 'co': 23, 'no2': 27, 'eco2': 114, 'level': 5, 'color': '#a855f7'}"
2026-09-23T23:50:44.379047,16.077226870612648,108.15284366883415,35.0,0,175.0,246.2,1128.0,273.0,2.29,54.9,28.5,68.4,225,Rất xấu,PM2.5,"{'pm25': 225, 'pm10': 148, 'co': 23, 'no2': 27, 'eco2': 113, 'level': 5, 'color': '#a855f7'}"
2026-09-23T23:50:44.460107,16.077226870612648,108.15284366883415,35.0,0,176.0,277.5,1130.0,272.0,2.27,55.3,28.4,68.7,226,Rất xấu,PM2.5,"{'pm25': 226, 'pm10': 164, 'co': 23, 'no2': 28, 'eco2': 113, 'level': 5, 'color': '#a855f7'}"
2026-09-23T23:50:44.541490,16.077226870612648,108.15284366883415,35.0,0,175.6,263.2,1141.0,265.0,2.31,54.4,28.4,68.1,226,Rất xấu,PM2.5,"{'pm25': 226, 'pm10': 157, 'co': 23, 'no2': 27, 'eco2': 114, 'level': 5, 'color': '#a855f7'}"
2026-09-23T23:51:19.674296,16.077226870612648,108.15284366883415,35.0,0,176.8,254.6,1150.0,253.0,2.38,57.2,28.3,68.6,227,Rất xấu,PM2.5,"{'pm25': 227, 'pm10': 152, 'co': 24, 'no2': 29, 'eco2': 115, 'level': 5, 'color': '#a855f7'}"
2026-09-23T23:51:19.755329,16.077226870612648,108.15284366883415,35.0,0,178.7,260.7,1149.0,261.0,2.41,57.3,28.4,68.5,229,Rất xấu,PM2.5,"{'pm25': 229, 'pm10': 155, 'co': 24, 'no2': 29, 'eco2': 115, 'level': 5, 'color': '#a855f7'}"
2026-09-23T23:51:19.836356,16.077226870612648,108.15284366883415,35.0,0,179.7,265.1,1147.0,269.0,2.41,56.6,28.4,68.8,230,Rất xấu,PM2.5,"{'pm25': 230, 'pm10': 158, 'co': 24, 'no2': 28, 'eco2': 115, 'level': 5, 'color': '#a855f7'}"
2026-09-23T23:51:19.917178,16.077226870612648,108.15284366883415,35.0,0,177.7,262.6,1137.0,263.0,2.44,55.8,28.4,68.2,228,Rất xấu,PM2.5,"{'pm25': 228, 'pm10': 156, 'co': 24, 'no2': 28, 'eco2': 114, 'level': 5, 'color': '#a855f7'}"
2026-09-23T23:51:19.998032,16.077226870612648,108.15284366883415,35.0,0,178.9,280.6,1130.0,266.0,2.48,56.5,28.5,68.2,229,Rất xấu,PM2.5,"{'pm25': 229, 'pm10': 165, 'co': 25, 'no2': 28, 'eco2': 113, 'level': 5, 'color': '#a855f7'}"
2026-09-23T23:51:20.079173,16.077226870612648,108.15284366883415,35.0,0,181.6,276.5,1130.0,262.0,2.52,57.1,28.3,68.4,232,Rất xấu,PM2.5,"{'pm25': 232, 'pm10': 163, 'co': 25, 'no2': 29, 'eco2': 113, 'level': 5, 'color': '#a855f7'}"
2026-09-23T23:51:20.160128,16.077226870612648,108.15284366883415,35.0,0,180.9,265.4,1127.0,265.0,2.5,57.3,28.4,68.1,231,Rất xấu,PM2.5,"{'pm25': 231, 'pm10': 158, 'co': 25, 'no2': 29, 'eco2': 113, 'level': 5, 'color': '#a855f7'}"
2026-09-23T23:51:20.241093,16.077226870612648,108.15284366883415,35.0,0,180.5,255.1,1128.0,267.0,2.47,58.0,28.4,68.4,231,Rất xấu,PM2.5,"{'pm25': 231, 'pm10': 153, 'co': 25, 'no2': 29, 'eco2': 113, 'level': 5, 'color': '#a855f7'}"
2026-09-23T23:51:20.322375,16.077226870612648,108.15284366883415,35.0,0,180.4,266.9,1119.0,262.0,2.46,58.8,28.3,68.2,230,Rất xấu,PM2.5,"{'pm25': 230, 'pm10': 158, 'co': 25, 'no2': 29, 'eco2': 112, 'level': 5, 'color': '#a855f7'}"
2026-09-23T23:51:20.403157,16.077226870612648,108.15284366883415,35.0,0,182.3,274.6,1109.0,265.0,2.43,58.1,28.3,68.1,232,Rất xấu,PM2.5,"{'pm25': 232, 'pm10': 162, 'co': 24, 'no2': 29, 'eco2': 111, 'level': 5, 'color': '#a855f7'}"
2026-09-23T23:59:02.584517,16.0746856,108.1548214,35.0,0,91.7,138.9,605.0,199.0,0.87,39.5,28.4,68.5,158,Xấu,PM2.5,"{'pm25': 158, 'pm10': 94, 'co': 9, 'no2': 20, 'eco2': 51, 'level': 4, 'color': '#ef4444'}"
2026-09-23T23:59:02.665981,16.0746856,108.1548214,35.0,0,89.6,138.8,593.0,204.0,0.88,40.7,28.4,68.9,157,Xấu,PM2.5,"{'pm25': 157, 'pm10': 94, 'co': 9, 'no2': 20, 'eco2': 49, 'level': 4, 'color': '#ef4444'}"
2026-09-23T23:59:02.747093,16.0746856,108.1548214,35.0,0,91.3,131.6,601.0,204.0,0.88,40.1,28.4,68.8,158,Xấu,PM2.5,"{'pm25': 158, 'pm10': 91, 'co': 9, 'no2': 20, 'eco2': 50, 'level': 4, 'color': '#ef4444'}"
2026-09-23T23:59:02.827884,16.0746856,108.1548214,35.0,0,92.2,143.1,590.0,203.0,0.86,39.5,28.4,68.8,159,Xấu,PM2.5,"{'pm25': 159, 'pm10': 97, 'co': 9, 'no2': 20, 'eco2': 49, 'level': 4, 'color': '#ef4444'}"
2026-09-23T23:59:02.909396,16.0746856,108.1548214,35.0,0,91.7,139.9,594.0,210.0,0.85,39.1,28.4,68.1,158,Xấu,PM2.5,"{'pm25': 158, 'pm10': 95, 'co': 8, 'no2': 20, 'eco2': 50, 'level': 4, 'color': '#ef4444'}"
2026-09-23T23:59:02.990585,16.0746856,108.1548214,35.0,0,92.0,141.4,586.0,211.0,0.82,40.0,28.5,68.1,159,Xấu,PM2.5,"{'pm25': 159, 'pm10': 96, 'co': 8, 'no2': 20, 'eco2': 49, 'level': 4, 'color': '#ef4444'}"
2026-09-23T23:59:03.071584,16.0746856,108.1548214,35.0,0,90.6,144.6,593.0,203.0,0.86,40.9,28.5,68.0,158,Xấu,PM2.5,"{'pm25': 158, 'pm10': 97, 'co': 9, 'no2': 20, 'eco2': 49, 'level': 4, 'color': '#ef4444'}"
2026-09-23T23:59:03.152664,16.0746856,108.1548214,35.0,0,90.1,140.5,597.0,207.0,0.88,40.4,28.4,68.8,157,Xấu,PM2.5,"{'pm25': 157, 'pm10': 95, 'co': 9, 'no2': 20, 'eco2': 50, 'level': 4, 'color': '#ef4444'}"
2026-09-23T23:59:03.233920,16.0746856,108.1548214,35.0,0,88.8,137.0,596.0,210.0,0.86,40.6,28.4,68.0,156,Xấu,PM2.5,"{'pm25': 156, 'pm10': 93, 'co': 9, 'no2': 20, 'eco2': 50, 'level': 4, 'color': '#ef4444'}"
2026-09-23T23:59:03.315099,16.0746856,108.1548214,35.0,0,87.6,132.2,585.0,211.0,0.82,41.4,28.4,68.2,155,Xấu,PM2.5,"{'pm25': 155, 'pm10': 91, 'co': 8, 'no2': 21, 'eco2': 49, 'level': 4, 'color': '#ef4444'}"
2026-09-24T00:01:02.434970,16.074562,108.1544995,35.0,0,72.4,103.0,552.0,66.0,1.12,24.4,28.4,68.2,137,Kém,PM2.5,"{'pm25': 137, 'pm10': 76, 'co': 11, 'no2': 12, 'eco2': 46, 'level': 3, 'color': '#f97316'}"
2026-09-24T00:01:02.516771,16.074562,108.1544995,35.0,0,71.8,107.2,544.0,66.0,1.11,24.7,28.4,68.9,136,Kém,PM2.5,"{'pm25': 136, 'pm10': 79, 'co': 11, 'no2': 12, 'eco2': 45, 'level': 3, 'color': '#f97316'}"
2026-09-24T00:01:02.597766,16.074562,108.1544995,35.0,0,73.1,107.3,552.0,58.0,1.14,24.4,28.4,68.5,138,Kém,PM2.5,"{'pm25': 138, 'pm10': 79, 'co': 11, 'no2': 12, 'eco2': 46, 'level': 3, 'color': '#f97316'}"
2026-09-24T00:01:02.678954,16.074562,108.1544995,35.0,0,70.9,100.0,545.0,51.0,1.15,23.7,28.4,68.1,135,Kém,PM2.5,"{'pm25': 135, 'pm10': 75, 'co': 12, 'no2': 12, 'eco2': 45, 'level': 3, 'color': '#f97316'}"
2026-09-24T00:01:02.760224,16.074562,108.1544995,35.0,0,70.5,103.1,535.0,57.0,1.16,23.1,28.5,68.6,134,Kém,PM2.5,"{'pm25': 134, 'pm10': 77, 'co': 12, 'no2': 12, 'eco2': 45, 'level': 3, 'color': '#f97316'}"
2026-09-24T00:01:02.841371,16.074562,108.1544995,35.0,0,69.5,109.0,541.0,63.0,1.13,23.6,28.4,68.3,133,Kém,PM2.5,"{'pm25': 133, 'pm10': 79, 'co': 11, 'no2': 12, 'eco2': 45, 'level': 3, 'color': '#f97316'}"
2026-09-24T00:01:02.922706,16.074562,108.1544995,35.0,0,70.6,98.9,533.0,67.0,1.12,24.2,28.5,68.5,134,Kém,PM2.5,"{'pm25': 134, 'pm10': 74, 'co': 11, 'no2': 12, 'eco2': 44, 'level': 3, 'color': '#f97316'}"
2026-09-24T00:01:03.003519,16.074562,108.1544995,35.0,0,71.7,105.9,529.0,70.0,1.12,23.2,28.3,68.8,136,Kém,PM2.5,"{'pm25': 136, 'pm10': 78, 'co': 11, 'no2': 12, 'eco2': 44, 'level': 3, 'color': '#f97316'}"
2026-09-24T00:01:03.084901,16.074562,108.1544995,35.0,0,71.4,110.8,524.0,78.0,1.1,22.4,28.5,68.8,136,Kém,PM2.5,"{'pm25': 136, 'pm10': 80, 'co': 11, 'no2': 11, 'eco2': 44, 'level': 3, 'color': '#f97316'}"
2026-09-24T00:01:03.165866,16.074562,108.1544995,35.0,0,71.1,112.2,535.0,83.0,1.14,21.7,28.4,68.9,135,Kém,PM2.5,"{'pm25': 135, 'pm10': 81, 'co': 11, 'no2': 11, 'eco2': 45, 'level': 3, 'color': '#f97316'}"
2026-09-24T00:10:40.676430,16.0739233,108.15377,35.0,0,53.5,81.0,492.0,76.0,1.04,24.0,28.4,68.1,106,Kém,PM2.5,"{'pm25': 106, 'pm10': 66, 'co': 10, 'no2': 12, 'eco2': 41, 'level': 3, 'color': '#f97316'}"
2026-09-24T00:10:41.722663,16.0739233,108.15377,35.0,0,54.6,85.6,482.0,67.0,1.0,22.2,28.5,68.5,108,Kém,PM2.5,"{'pm25': 108, 'pm10': 68, 'co': 10, 'no2': 11, 'eco2': 40, 'level': 3, 'color': '#f97316'}"
2026-09-24T00:10:42.767795,16.0739233,108.15377,35.0,0,54.2,80.1,500.0,69.0,1.03,21.9,28.4,68.1,107,Kém,PM2.5,"{'pm25': 107, 'pm10': 65, 'co': 10, 'no2': 11, 'eco2': 42, 'level': 3, 'color': '#f97316'}"
2026-09-24T00:10:43.840778,16.0739233,108.15377,35.0,0,52.7,76.3,505.0,77.0,1.01,22.1,28.3,68.9,105,Kém,PM2.5,"{'pm25': 105, 'pm10': 63, 'co': 10, 'no2': 11, 'eco2': 42, 'level': 3, 'color': '#f97316'}"
2026-09-24T00:10:44.886761,16.0739233,108.15377,35.0,0,55.3,85.3,527.0,76.0,1.02,22.6,28.5,68.2,109,Kém,PM2.5,"{'pm25': 109, 'pm10': 68, 'co': 10, 'no2': 11, 'eco2': 44, 'level': 3, 'color': '#f97316'}"
2026-09-24T00:10:45.932632,16.0739233,108.15377,35.0,0,56.8,90.5,526.0,71.0,1.11,24.5,28.4,68.3,111,Kém,PM2.5,"{'pm25': 111, 'pm10': 70, 'co': 11, 'no2': 12, 'eco2': 44, 'level': 3, 'color': '#f97316'}"
2026-09-24T00:10:46.979968,16.0739233,108.15377,35.0,0,56.5,86.2,519.0,77.0,1.13,24.8,28.4,68.3,111,Kém,PM2.5,"{'pm25': 111, 'pm10': 68, 'co': 11, 'no2': 12, 'eco2': 43, 'level': 3, 'color': '#f97316'}"
2026-09-24T00:10:48.026477,16.0739233,108.15377,35.0,0,59.7,87.2,508.0,75.0,1.16,25.2,28.3,68.1,116,Kém,PM2.5,"{'pm25': 116, 'pm10': 69, 'co': 12, 'no2': 13, 'eco2': 42, 'level': 3, 'color': '#f97316'}"
2026-09-24T00:10:49.072899,16.0739233,108.15377,35.0,0,61.1,88.5,520.0,60.0,1.11,25.9,28.3,68.8,119,Kém,PM2.5,"{'pm25': 119, 'pm10': 69, 'co': 11, 'no2': 13, 'eco2': 43, 'level': 3, 'color': '#f97316'}"
2026-09-24T00:10:50.118353,16.0739233,108.15377,35.0,0,59.1,88.8,526.0,51.0,1.15,26.0,28.4,68.8,115,Kém,PM2.5,"{'pm25': 115, 'pm10': 69, 'co': 12, 'no2': 13, 'eco2': 44, 'level': 3, 'color': '#f97316'}"
2026-09-24T00:11:29.597798,16.0754685,108.1533837,35.0,1,68.9,100.8,583.0,39.0,1.25,27.0,28.5,68.4,132,Kém,PM2.5,"{'pm25': 132, 'pm10': 75, 'co': 13, 'no2': 13, 'eco2': 49, 'level': 3, 'color': '#f97316'}"
2026-09-24T00:11:30.643171,16.0754685,108.1533837,35.0,1,68.1,106.3,583.0,26.0,1.25,27.6,28.4,68.8,130,Kém,PM2.5,"{'pm25': 130, 'pm10': 78, 'co': 12, 'no2': 14, 'eco2': 49, 'level': 3, 'color': '#f97316'}"
2026-09-24T00:11:31.689533,16.0754685,108.1533837,35.0,1,66.3,95.0,567.0,25.0,1.29,27.1,28.4,68.7,127,Kém,PM2.5,"{'pm25': 127, 'pm10': 73, 'co': 13, 'no2': 14, 'eco2': 47, 'level': 3, 'color': '#f97316'}"
2026-09-24T00:11:32.734269,16.0754685,108.1533837,35.0,1,67.7,103.3,571.0,20.0,1.26,26.1,28.5,68.5,129,Kém,PM2.5,"{'pm25': 129, 'pm10': 77, 'co': 13, 'no2': 13, 'eco2': 48, 'level': 3, 'color': '#f97316'}"
2026-09-24T00:11:33.781340,16.0754685,108.1533837,35.0,1,70.1,105.7,572.0,23.0,1.27,25.9,28.3,68.0,134,Kém,PM2.5,"{'pm25': 134, 'pm10': 78, 'co': 13, 'no2': 13, 'eco2': 48, 'level': 3, 'color': '#f97316'}"
2026-09-24T00:11:34.826549,16.0754685,108.1533837,35.0,1,72.9,103.6,558.0,24.0,1.31,26.8,28.3,68.4,138,Kém,PM2.5,"{'pm25': 138, 'pm10': 77, 'co': 13, 'no2': 13, 'eco2': 46, 'level': 3, 'color': '#f97316'}"
2026-09-24T00:11:35.872407,16.0754685,108.1533837,35.0,1,71.8,108.8,564.0,30.0,1.34,26.2,28.3,68.3,136,Kém,PM2.5,"{'pm25': 136, 'pm10': 79, 'co': 13, 'no2': 13, 'eco2': 47, 'level': 3, 'color': '#f97316'}"
2026-09-24T00:11:36.917506,16.0754685,108.1533837,35.0,1,72.5,109.7,562.0,31.0,1.4,25.4,28.4,68.1,137,Kém,PM2.5,"{'pm25': 137, 'pm10': 80, 'co': 14, 'no2': 13, 'eco2': 47, 'level': 3, 'color': '#f97316'}"
2026-09-24T00:11:37.962475,16.0754685,108.1533837,35.0,1,73.3,116.5,571.0,36.0,1.4,26.7,28.5,68.3,139,Kém,PM2.5,"{'pm25': 139, 'pm10': 83, 'co': 14, 'no2': 13, 'eco2': 48, 'level': 3, 'color': '#f97316'}"
2026-09-24T00:11:39.008061,16.0754685,108.1533837,35.0,1,71.8,113.9,561.0,39.0,1.42,26.2,28.5,68.2,136,Kém,PM2.5,"{'pm25': 136, 'pm10': 82, 'co': 14, 'no2': 13, 'eco2': 47, 'level': 3, 'color': '#f97316'}"
2026-09-24T11:26:44.788207,16.0745292,108.154403,35.0,0,47.1,68.0,636.0,197.0,0.74,30.4,28.3,69.0,94,Trung bình,PM2.5,"{'pm25': 94, 'pm10': 59, 'co': 7, 'no2': 15, 'eco2': 55, 'level': 2, 'color': '#eab308'}"
2026-09-24T11:26:45.837047,16.0745292,108.154403,35.0,0,46.5,72.0,648.0,204.0,0.73,30.1,28.5,68.5,93,Trung bình,PM2.5,"{'pm25': 93, 'pm10': 61, 'co': 7, 'no2': 15, 'eco2': 56, 'level': 2, 'color': '#eab308'}"
2026-09-24T11:26:46.883728,16.0745292,108.154403,35.0,0,47.5,67.3,658.0,207.0,0.78,29.5,28.4,68.7,95,Trung bình,PM2.5,"{'pm25': 95, 'pm10': 59, 'co': 8, 'no2': 15, 'eco2': 57, 'level': 2, 'color': '#eab308'}"
2026-09-24T11:26:47.929747,16.0745292,108.154403,35.0,0,49.2,73.8,678.0,196.0,0.78,30.4,28.4,68.3,98,Trung bình,PM2.5,"{'pm25': 98, 'pm10': 62, 'co': 8, 'no2': 15, 'eco2': 60, 'level': 2, 'color': '#eab308'}"
2026-09-24T11:26:48.975302,16.0745292,108.154403,35.0,0,50.8,79.1,696.0,189.0,0.84,31.3,28.4,68.5,101,Kém,PM2.5,"{'pm25': 101, 'pm10': 65, 'co': 8, 'no2': 16, 'eco2': 62, 'level': 3, 'color': '#f97316'}"
2026-09-24T11:26:50.021111,16.0745292,108.154403,35.0,0,51.1,78.5,697.0,198.0,0.83,32.0,28.3,68.2,102,Kém,PM2.5,"{'pm25': 102, 'pm10': 64, 'co': 8, 'no2': 16, 'eco2': 62, 'level': 3, 'color': '#f97316'}"
2026-09-24T11:26:51.066305,16.0745292,108.154403,35.0,0,48.9,71.5,680.0,203.0,0.89,31.5,28.4,68.4,98,Trung bình,PM2.5,"{'pm25': 98, 'pm10': 61, 'co': 9, 'no2': 16, 'eco2': 60, 'level': 2, 'color': '#eab308'}"
2026-09-24T11:26:52.112109,16.0745292,108.154403,35.0,0,47.6,74.0,694.0,195.0,0.9,32.9,28.4,68.3,95,Trung bình,PM2.5,"{'pm25': 95, 'pm10': 62, 'co': 9, 'no2': 16, 'eco2': 62, 'level': 2, 'color': '#eab308'}"
2026-09-24T11:26:53.157617,16.0745292,108.154403,35.0,0,46.1,70.9,694.0,187.0,0.88,32.4,28.4,68.2,92,Trung bình,PM2.5,"{'pm25': 92, 'pm10': 60, 'co': 9, 'no2': 16, 'eco2': 62, 'level': 2, 'color': '#eab308'}"
2026-09-24T11:26:54.202916,16.0745292,108.154403,35.0,0,48.7,76.9,689.0,190.0,0.9,31.6,28.4,68.6,97,Trung bình,PM2.5,"{'pm25': 97, 'pm10': 63, 'co': 9, 'no2': 16, 'eco2': 61, 'level': 2, 'color': '#eab308'}"
2026-09-24T11:27:51.134927,16.0765379,108.1532443,35.0,1,62.9,97.2,720.0,200.0,1.23,34.1,28.5,68.4,122,Kém,PM2.5,"{'pm25': 122, 'pm10': 74, 'co': 12, 'no2': 17, 'eco2': 65, 'level': 3, 'color': '#f97316'}"
2026-09-24T11:27:52.181802,16.0765379,108.1532443,35.0,1,64.5,93.4,719.0,206.0,1.29,33.7,28.5,68.7,124,Kém,PM2.5,"{'pm25': 124, 'pm10': 72, 'co': 13, 'no2': 17, 'eco2': 65, 'level': 3, 'color': '#f97316'}"
2026-09-24T11:27:53.226797,16.0765379,108.1532443,35.0,1,62.7,92.4,730.0,200.0,1.26,32.8,28.4,68.9,121,Kém,PM2.5,"{'pm25': 121, 'pm10': 71, 'co': 13, 'no2': 16, 'eco2': 66, 'level': 3, 'color': '#f97316'}"
2026-09-24T11:27:54.305165,16.0765379,108.1532443,35.0,1,63.4,97.4,742.0,203.0,1.27,33.3,28.4,68.3,122,Kém,PM2.5,"{'pm25': 122, 'pm10': 74, 'co': 13, 'no2': 17, 'eco2': 68, 'level': 3, 'color': '#f97316'}"
2026-09-24T11:27:55.350218,16.0765379,108.1532443,35.0,1,66.9,106.9,734.0,197.0,1.26,32.0,28.3,68.6,128,Kém,PM2.5,"{'pm25': 128, 'pm10': 78, 'co': 13, 'no2': 16, 'eco2': 67, 'level': 3, 'color': '#f97316'}"
2026-09-24T11:27:56.397201,16.0765379,108.1532443,35.0,1,67.9,104.4,728.0,184.0,1.3,31.6,28.5,68.2,130,Kém,PM2.5,"{'pm25': 130, 'pm10': 77, 'co': 13, 'no2': 16, 'eco2': 66, 'level': 3, 'color': '#f97316'}"
2026-09-24T11:27:57.442269,16.0765379,108.1532443,35.0,1,68.8,104.7,728.0,183.0,1.29,31.0,28.3,68.8,131,Kém,PM2.5,"{'pm25': 131, 'pm10': 77, 'co': 13, 'no2': 16, 'eco2': 66, 'level': 3, 'color': '#f97316'}"
2026-09-24T11:27:58.486850,16.0765379,108.1532443,35.0,1,70.1,101.3,732.0,186.0,1.33,32.1,28.4,68.5,133,Kém,PM2.5,"{'pm25': 133, 'pm10': 76, 'co': 13, 'no2': 16, 'eco2': 67, 'level': 3, 'color': '#f97316'}"
2026-09-24T11:27:59.532495,16.0765379,108.1532443,35.0,1,69.4,99.4,740.0,181.0,1.33,31.0,28.5,68.0,132,Kém,PM2.5,"{'pm25': 132, 'pm10': 75, 'co': 13, 'no2': 15, 'eco2': 67, 'level': 3, 'color': '#f97316'}"
2026-09-24T11:28:00.578535,16.0765379,108.1532443,35.0,1,69.0,109.4,757.0,180.0,1.35,32.8,28.3,68.5,132,Kém,PM2.5,"{'pm25': 132, 'pm10': 80, 'co': 13, 'no2': 16, 'eco2': 70, 'level': 3, 'color': '#f97316'}"
2026-09-24T11:55:35.076544,16.0739439,108.1546283,35.0,0,78.8,112.4,709.0,136.0,1.2,36.0,28.5,68.8,148,Kém,PM2.5,"{'pm25': 148, 'pm10': 81, 'co': 12, 'no2': 18, 'eco2': 64, 'level': 3, 'color': '#f97316'}"
2026-09-24T11:55:36.123406,16.0739439,108.1546283,35.0,0,78.9,125.7,719.0,135.0,1.19,36.2,28.4,68.1,148,Kém,PM2.5,"{'pm25': 148, 'pm10': 88, 'co': 12, 'no2': 18, 'eco2': 65, 'level': 3, 'color': '#f97316'}"
2026-09-24T11:55:37.168418,16.0739439,108.1546283,35.0,0,82.3,129.2,724.0,144.0,1.13,36.9,28.3,68.8,152,Xấu,PM2.5,"{'pm25': 152, 'pm10': 90, 'co': 11, 'no2': 18, 'eco2': 66, 'level': 4, 'color': '#ef4444'}"
2026-09-24T11:55:38.216939,16.0739439,108.1546283,35.0,0,79.4,119.5,734.0,129.0,1.1,36.8,28.3,68.8,149,Kém,PM2.5,"{'pm25': 149, 'pm10': 85, 'co': 11, 'no2': 18, 'eco2': 67, 'level': 3, 'color': '#f97316'}"
2026-09-24T11:55:39.263201,16.0739439,108.1546283,35.0,0,82.0,121.2,740.0,130.0,1.11,37.1,28.4,68.4,151,Xấu,PM2.5,"{'pm25': 151, 'pm10': 86, 'co': 11, 'no2': 19, 'eco2': 68, 'level': 4, 'color': '#ef4444'}"
2026-09-24T11:55:40.309843,16.0739439,108.1546283,35.0,0,81.3,119.6,745.0,125.0,1.13,37.4,28.4,68.1,151,Xấu,PM2.5,"{'pm25': 151, 'pm10': 85, 'co': 11, 'no2': 19, 'eco2': 68, 'level': 4, 'color': '#ef4444'}"
2026-09-24T11:55:41.355297,16.0739439,108.1546283,35.0,0,80.6,118.5,731.0,116.0,1.13,39.0,28.4,68.4,150,Kém,PM2.5,"{'pm25': 150, 'pm10': 84, 'co': 11, 'no2': 20, 'eco2': 66, 'level': 3, 'color': '#f97316'}"
2026-09-24T11:55:42.402377,16.0739439,108.1546283,35.0,0,82.7,123.6,723.0,125.0,1.08,37.2,28.4,68.1,152,Xấu,PM2.5,"{'pm25': 152, 'pm10': 87, 'co': 11, 'no2': 19, 'eco2': 65, 'level': 4, 'color': '#ef4444'}"
2026-09-24T11:55:43.448168,16.0739439,108.1546283,35.0,0,82.7,131.5,727.0,127.0,1.07,37.1,28.5,68.1,152,Xấu,PM2.5,"{'pm25': 152, 'pm10': 91, 'co': 11, 'no2': 19, 'eco2': 66, 'level': 4, 'color': '#ef4444'}"
2026-09-24T11:55:44.494713,16.0739439,108.1546283,35.0,0,82.7,131.8,711.0,118.0,1.1,36.6,28.5,68.1,152,Xấu,PM2.5,"{'pm25': 152, 'pm10': 91, 'co': 11, 'no2': 18, 'eco2': 64, 'level': 4, 'color': '#ef4444'}"
2026-09-24T11:57:04.057003,16.0769519,108.1534481,35.0,1,105.4,153.7,748.0,138.0,1.26,37.1,28.4,68.7,168,Xấu,PM2.5,"{'pm25': 168, 'pm10': 102, 'co': 13, 'no2': 19, 'eco2': 68, 'level': 4, 'color': '#ef4444'}"
2026-09-24T11:57:05.102701,16.0769519,108.1534481,35.0,1,105.1,160.6,744.0,128.0,1.2,38.2,28.5,68.8,168,Xấu,PM2.5,"{'pm25': 168, 'pm10': 105, 'co': 12, 'no2': 19, 'eco2': 68, 'level': 4, 'color': '#ef4444'}"
2026-09-24T11:57:06.148477,16.0769519,108.1534481,35.0,1,105.3,166.0,752.0,121.0,1.22,38.3,28.4,68.9,168,Xấu,PM2.5,"{'pm25': 168, 'pm10': 108, 'co': 12, 'no2': 19, 'eco2': 69, 'level': 4, 'color': '#ef4444'}"
2026-09-24T11:57:07.193133,16.0769519,108.1534481,35.0,1,105.6,167.9,773.0,114.0,1.21,38.5,28.5,68.2,168,Xấu,PM2.5,"{'pm25': 168, 'pm10': 109, 'co': 12, 'no2': 19, 'eco2': 72, 'level': 4, 'color': '#ef4444'}"
2026-09-24T11:57:08.237782,16.0769519,108.1534481,35.0,1,105.8,163.8,768.0,109.0,1.18,39.1,28.4,68.1,168,Xấu,PM2.5,"{'pm25': 168, 'pm10': 107, 'co': 12, 'no2': 20, 'eco2': 71, 'level': 4, 'color': '#ef4444'}"
2026-09-24T11:57:09.282843,16.0769519,108.1534481,35.0,1,106.1,155.0,769.0,110.0,1.15,38.8,28.3,68.3,169,Xấu,PM2.5,"{'pm25': 169, 'pm10': 102, 'co': 12, 'no2': 19, 'eco2': 71, 'level': 4, 'color': '#ef4444'}"
2026-09-24T11:57:10.329376,16.0769519,108.1534481,35.0,1,103.8,165.0,776.0,100.0,1.15,37.5,28.4,68.5,167,Xấu,PM2.5,"{'pm25': 167, 'pm10': 108, 'co': 11, 'no2': 19, 'eco2': 72, 'level': 4, 'color': '#ef4444'}"
2026-09-24T11:57:11.375806,16.0769519,108.1534481,35.0,1,103.8,146.7,776.0,96.0,1.13,36.4,28.4,68.6,167,Xấu,PM2.5,"{'pm25': 167, 'pm10': 98, 'co': 11, 'no2': 18, 'eco2': 72, 'level': 4, 'color': '#ef4444'}"
2026-09-24T11:57:12.423703,16.0769519,108.1534481,35.0,1,104.8,147.4,767.0,94.0,1.11,35.5,28.4,68.9,168,Xấu,PM2.5,"{'pm25': 168, 'pm10': 99, 'co': 11, 'no2': 18, 'eco2': 71, 'level': 4, 'color': '#ef4444'}"
2026-09-24T11:57:13.470104,16.0769519,108.1534481,35.0,1,105.8,169.0,760.0,93.0,1.1,36.1,28.5,68.1,168,Xấu,PM2.5,"{'pm25': 168, 'pm10': 109, 'co': 11, 'no2': 18, 'eco2': 70, 'level': 4, 'color': '#ef4444'}"
2026-09-24T12:33:38.415163,16.0746032,108.1531692,35.0,0,61.9,92.0,668.0,108.0,0.78,24.9,28.3,68.6,120,Kém,PM2.5,"{'pm25': 120, 'pm10': 71, 'co': 8, 'no2': 12, 'eco2': 59, 'level': 3, 'color': '#f97316'}"
2026-09-24T12:33:39.460975,16.0746032,108.1531692,35.0,0,63.2,91.5,677.0,108.0,0.76,25.0,28.4,68.8,122,Kém,PM2.5,"{'pm25': 122, 'pm10': 71, 'co': 8, 'no2': 13, 'eco2': 60, 'level': 3, 'color': '#f97316'}"
2026-09-24T12:33:40.506579,16.0746032,108.1531692,35.0,0,59.5,87.8,681.0,109.0,0.83,24.2,28.5,69.0,116,Kém,PM2.5,"{'pm25': 116, 'pm10': 69, 'co': 8, 'no2': 12, 'eco2': 60, 'level': 3, 'color': '#f97316'}"
2026-09-24T12:33:41.551494,16.0746032,108.1531692,35.0,0,59.2,94.2,683.0,99.0,0.83,25.9,28.4,68.9,115,Kém,PM2.5,"{'pm25': 115, 'pm10': 72, 'co': 8, 'no2': 13, 'eco2': 60, 'level': 3, 'color': '#f97316'}"
2026-09-24T12:33:42.596299,16.0746032,108.1531692,35.0,0,60.7,94.4,678.0,107.0,0.85,25.6,28.3,68.7,118,Kém,PM2.5,"{'pm25': 118, 'pm10': 72, 'co': 8, 'no2': 13, 'eco2': 60, 'level': 3, 'color': '#f97316'}"
2026-09-24T12:33:43.641619,16.0746032,108.1531692,35.0,0,57.5,86.5,664.0,103.0,0.83,25.4,28.4,68.3,113,Kém,PM2.5,"{'pm25': 113, 'pm10': 68, 'co': 8, 'no2': 13, 'eco2': 58, 'level': 3, 'color': '#f97316'}"
2026-09-24T12:33:44.686649,16.0746032,108.1531692,35.0,0,55.4,86.7,642.0,98.0,0.89,26.7,28.4,68.2,109,Kém,PM2.5,"{'pm25': 109, 'pm10': 68, 'co': 9, 'no2': 13, 'eco2': 55, 'level': 3, 'color': '#f97316'}"
2026-09-24T12:33:45.731765,16.0746032,108.1531692,35.0,0,60.7,90.9,623.0,102.0,0.9,27.4,28.4,68.5,118,Kém,PM2.5,"{'pm25': 118, 'pm10': 70, 'co': 9, 'no2': 14, 'eco2': 53, 'level': 3, 'color': '#f97316'}"
2026-09-24T12:33:46.777314,16.0746032,108.1531692,35.0,0,62.0,94.6,614.0,98.0,0.92,28.4,28.4,68.9,120,Kém,PM2.5,"{'pm25': 120, 'pm10': 72, 'co': 9, 'no2': 14, 'eco2': 52, 'level': 3, 'color': '#f97316'}"
2026-09-24T12:33:47.822642,16.0746032,108.1531692,35.0,0,65.1,103.4,617.0,102.0,0.89,29.6,28.3,68.2,125,Kém,PM2.5,"{'pm25': 125, 'pm10': 77, 'co': 9, 'no2': 15, 'eco2': 52, 'level': 3, 'color': '#f97316'}"
2026-09-24T12:36:53.675688,16.0763024,108.1532979,35.0,0,81.9,117.9,903.0,184.0,1.8,33.6,28.4,68.4,151,Xấu,PM2.5,"{'pm25': 151, 'pm10': 84, 'co': 18, 'no2': 17, 'eco2': 88, 'level': 4, 'color': '#ef4444'}"
2026-09-24T12:36:54.721239,16.0763024,108.1532979,35.0,0,84.5,124.8,904.0,182.0,1.82,33.4,28.4,68.3,153,Xấu,PM2.5,"{'pm25': 153, 'pm10': 87, 'co': 18, 'no2': 17, 'eco2': 88, 'level': 4, 'color': '#ef4444'}"
2026-09-24T12:36:55.777759,16.0763024,108.1532979,35.0,0,83.8,118.6,901.0,175.0,1.86,35.4,28.4,68.9,153,Xấu,PM2.5,"{'pm25': 153, 'pm10': 84, 'co': 19, 'no2': 18, 'eco2': 88, 'level': 4, 'color': '#ef4444'}"
2026-09-24T12:36:56.823697,16.0763024,108.1532979,35.0,0,84.7,130.7,895.0,181.0,1.86,37.0,28.4,68.1,153,Xấu,PM2.5,"{'pm25': 153, 'pm10': 90, 'co': 19, 'no2': 18, 'eco2': 87, 'level': 4, 'color': '#ef4444'}"
2026-09-24T12:36:57.869486,16.0763024,108.1532979,35.0,0,87.5,133.0,885.0,173.0,1.84,37.1,28.5,68.6,155,Xấu,PM2.5,"{'pm25': 155, 'pm10': 91, 'co': 18, 'no2': 19, 'eco2': 86, 'level': 4, 'color': '#ef4444'}"
2026-09-24T12:36:58.916122,16.0763024,108.1532979,35.0,0,89.1,129.4,887.0,173.0,1.82,38.5,28.4,68.0,156,Xấu,PM2.5,"{'pm25': 156, 'pm10': 90, 'co': 18, 'no2': 19, 'eco2': 86, 'level': 4, 'color': '#ef4444'}"
2026-09-24T12:36:59.962101,16.0763024,108.1532979,35.0,0,89.9,134.9,875.0,185.0,1.86,38.4,28.4,68.7,157,Xấu,PM2.5,"{'pm25': 157, 'pm10': 92, 'co': 19, 'no2': 19, 'eco2': 84, 'level': 4, 'color': '#ef4444'}"
2026-09-24T12:37:01.008790,16.0763024,108.1532979,35.0,0,91.5,132.3,865.0,180.0,1.91,38.6,28.4,68.6,158,Xấu,PM2.5,"{'pm25': 158, 'pm10': 91, 'co': 19, 'no2': 19, 'eco2': 83, 'level': 4, 'color': '#ef4444'}"
2026-09-24T12:37:02.053501,16.0763024,108.1532979,35.0,0,94.5,146.0,863.0,164.0,1.94,38.8,28.4,68.2,160,Xấu,PM2.5,"{'pm25': 160, 'pm10': 98, 'co': 19, 'no2': 19, 'eco2': 83, 'level': 4, 'color': '#ef4444'}"
2026-09-24T12:37:03.100073,16.0763024,108.1532979,35.0,0,94.7,146.8,854.0,154.0,1.89,40.2,28.5,68.1,160,Xấu,PM2.5,"{'pm25': 160, 'pm10': 98, 'co': 19, 'no2': 20, 'eco2': 82, 'level': 4, 'color': '#ef4444'}"
2026-09-24T12:38:25.574152,16.0762382,108.1542635,35.0,0,95.8,150.6,934.0,133.0,1.98,40.3,28.5,68.2,161,Xấu,PM2.5,"{'pm25': 161, 'pm10': 100, 'co': 20, 'no2': 20, 'eco2': 92, 'level': 4, 'color': '#ef4444'}"
2026-09-24T12:38:26.621123,16.0762382,108.1542635,35.0,0,96.3,146.3,942.0,124.0,2.0,39.7,28.3,68.9,162,Xấu,PM2.5,"{'pm25': 162, 'pm10': 98, 'co': 20, 'no2': 20, 'eco2': 93, 'level': 4, 'color': '#ef4444'}"
2026-09-24T12:38:27.666115,16.0762382,108.1542635,35.0,0,94.8,147.1,951.0,110.0,2.02,39.7,28.3,69.0,161,Xấu,PM2.5,"{'pm25': 161, 'pm10': 99, 'co': 20, 'no2': 20, 'eco2': 94, 'level': 4, 'color': '#ef4444'}"
2026-09-24T12:38:28.712381,16.0762382,108.1542635,35.0,0,93.1,144.5,959.0,104.0,2.02,38.4,28.3,68.9,159,Xấu,PM2.5,"{'pm25': 159, 'pm10': 97, 'co': 20, 'no2': 19, 'eco2': 95, 'level': 4, 'color': '#ef4444'}"
2026-09-24T12:38:29.758891,16.0762382,108.1542635,35.0,0,95.5,140.1,961.0,100.0,2.05,37.4,28.4,68.4,161,Xấu,PM2.5,"{'pm25': 161, 'pm10': 95, 'co': 20, 'no2': 19, 'eco2': 95, 'level': 4, 'color': '#ef4444'}"
2026-09-24T12:38:30.803980,16.0762382,108.1542635,35.0,0,97.1,147.4,965.0,83.0,2.05,37.6,28.4,68.9,162,Xấu,PM2.5,"{'pm25': 162, 'pm10': 99, 'co': 21, 'no2': 19, 'eco2': 96, 'level': 4, 'color': '#ef4444'}"
2026-09-24T12:38:31.849599,16.0762382,108.1542635,35.0,0,98.5,148.2,962.0,75.0,2.05,38.3,28.5,68.6,163,Xấu,PM2.5,"{'pm25': 163, 'pm10': 99, 'co': 21, 'no2': 19, 'eco2': 95, 'level': 4, 'color': '#ef4444'}"
2026-09-24T12:38:32.895919,16.0762382,108.1542635,35.0,0,98.1,156.0,967.0,72.0,2.1,40.1,28.4,68.7,163,Xấu,PM2.5,"{'pm25': 163, 'pm10': 103, 'co': 21, 'no2': 20, 'eco2': 96, 'level': 4, 'color': '#ef4444'}"
2026-09-24T12:38:33.942381,16.0762382,108.1542635,35.0,0,99.1,156.5,969.0,78.0,2.12,39.5,28.5,68.5,164,Xấu,PM2.5,"{'pm25': 164, 'pm10': 103, 'co': 21, 'no2': 20, 'eco2': 96, 'level': 4, 'color': '#ef4444'}"
2026-09-24T12:38:34.988272,16.0762382,108.1542635,35.0,0,97.5,143.0,968.0,90.0,2.19,38.0,28.4,68.9,162,Xấu,PM2.5,"{'pm25': 162, 'pm10': 97, 'co': 22, 'no2': 19, 'eco2': 96, 'level': 4, 'color': '#ef4444'}"
2026-09-24T12:59:18.036807,16.0743931,108.1529117,35.0,0,61.2,88.7,552.0,127.0,0.83,33.2,28.5,68.8,119,Kém,PM2.5,"{'pm25': 119, 'pm10': 69, 'co': 8, 'no2': 17, 'eco2': 46, 'level': 3, 'color': '#f97316'}"
2026-09-24T12:59:19.081518,16.0743931,108.1529117,35.0,0,62.5,98.2,563.0,125.0,0.85,32.2,28.4,68.2,121,Kém,PM2.5,"{'pm25': 121, 'pm10': 74, 'co': 9, 'no2': 16, 'eco2': 47, 'level': 3, 'color': '#f97316'}"
2026-09-24T12:59:20.128782,16.0743931,108.1529117,35.0,0,60.8,93.5,561.0,129.0,0.87,31.6,28.4,68.8,118,Kém,PM2.5,"{'pm25': 118, 'pm10': 72, 'co': 9, 'no2': 16, 'eco2': 47, 'level': 3, 'color': '#f97316'}"
2026-09-24T12:59:21.174542,16.0743931,108.1529117,35.0,0,61.1,93.8,560.0,118.0,0.88,31.4,28.3,68.3,119,Kém,PM2.5,"{'pm25': 119, 'pm10': 72, 'co': 9, 'no2': 16, 'eco2': 47, 'level': 3, 'color': '#f97316'}"
2026-09-24T12:59:22.220278,16.0743931,108.1529117,35.0,0,60.8,96.6,561.0,110.0,0.85,30.6,28.3,68.2,118,Kém,PM2.5,"{'pm25': 118, 'pm10': 73, 'co': 8, 'no2': 15, 'eco2': 47, 'level': 3, 'color': '#f97316'}"
2026-09-24T12:59:23.265195,16.0743931,108.1529117,35.0,0,61.0,94.5,571.0,112.0,0.91,30.5,28.4,68.8,118,Kém,PM2.5,"{'pm25': 118, 'pm10': 72, 'co': 9, 'no2': 15, 'eco2': 48, 'level': 3, 'color': '#f97316'}"
2026-09-24T12:59:24.309702,16.0743931,108.1529117,35.0,0,62.7,96.3,560.0,101.0,0.92,31.6,28.5,68.7,121,Kém,PM2.5,"{'pm25': 121, 'pm10': 73, 'co': 9, 'no2': 16, 'eco2': 47, 'level': 3, 'color': '#f97316'}"
2026-09-24T12:59:25.355022,16.0743931,108.1529117,35.0,0,61.8,96.5,568.0,103.0,0.95,32.2,28.3,69.0,120,Kém,PM2.5,"{'pm25': 120, 'pm10': 73, 'co': 9, 'no2': 16, 'eco2': 47, 'level': 3, 'color': '#f97316'}"
2026-09-24T12:59:26.401723,16.0743931,108.1529117,35.0,0,65.3,94.9,559.0,114.0,1.0,32.5,28.3,69.0,126,Kém,PM2.5,"{'pm25': 126, 'pm10': 72, 'co': 10, 'no2': 16, 'eco2': 47, 'level': 3, 'color': '#f97316'}"
2026-09-24T12:59:27.447436,16.0743931,108.1529117,35.0,0,63.4,94.8,563.0,119.0,1.03,31.5,28.5,69.0,122,Kém,PM2.5,"{'pm25': 122, 'pm10': 72, 'co': 10, 'no2': 16, 'eco2': 47, 'level': 3, 'color': '#f97316'}"
2026-09-24T13:02:26.430692,16.0743766,108.1535769,35.0,0,39.8,59.9,612.0,137.0,0.59,27.7,28.3,68.6,80,Trung bình,PM2.5,"{'pm25': 80, 'pm10': 55, 'co': 6, 'no2': 14, 'eco2': 51, 'level': 2, 'color': '#eab308'}"
2026-09-24T13:02:27.477459,16.0743766,108.1535769,35.0,0,43.1,66.9,610.0,127.0,0.52,28.1,28.4,68.9,86,Trung bình,PM2.5,"{'pm25': 86, 'pm10': 58, 'co': 5, 'no2': 14, 'eco2': 51, 'level': 2, 'color': '#eab308'}"
2026-09-24T13:02:28.523378,16.0743766,108.1535769,35.0,0,43.0,62.2,599.0,122.0,0.5,27.5,28.3,68.3,86,Trung bình,PM2.5,"{'pm25': 86, 'pm10': 56, 'co': 5, 'no2': 14, 'eco2': 50, 'level': 2, 'color': '#eab308'}"
2026-09-24T13:02:29.568685,16.0743766,108.1535769,35.0,0,45.9,68.3,587.0,122.0,0.5,28.2,28.4,68.2,92,Trung bình,PM2.5,"{'pm25': 92, 'pm10': 59, 'co': 5, 'no2': 14, 'eco2': 49, 'level': 2, 'color': '#eab308'}"
2026-09-24T13:02:30.614361,16.0743766,108.1535769,35.0,0,49.9,76.2,577.0,123.0,0.58,28.6,28.4,68.1,100,Trung bình,PM2.5,"{'pm25': 100, 'pm10': 63, 'co': 6, 'no2': 14, 'eco2': 48, 'level': 2, 'color': '#eab308'}"
2026-09-24T13:02:31.659375,16.0743766,108.1535769,35.0,0,49.2,73.5,570.0,118.0,0.57,28.8,28.4,68.7,98,Trung bình,PM2.5,"{'pm25': 98, 'pm10': 62, 'co': 6, 'no2': 14, 'eco2': 48, 'level': 2, 'color': '#eab308'}"
2026-09-24T13:02:32.704962,16.0743766,108.1535769,35.0,0,47.3,69.0,574.0,124.0,0.56,28.7,28.5,68.0,95,Trung bình,PM2.5,"{'pm25': 95, 'pm10': 60, 'co': 6, 'no2': 14, 'eco2': 48, 'level': 2, 'color': '#eab308'}"
2026-09-24T13:02:33.749824,16.0743766,108.1535769,35.0,0,50.0,74.1,557.0,120.0,0.58,29.2,28.4,69.0,100,Trung bình,PM2.5,"{'pm25': 100, 'pm10': 62, 'co': 6, 'no2': 15, 'eco2': 46, 'level': 2, 'color': '#eab308'}"
2026-09-24T13:02:34.795105,16.0743766,108.1535769,35.0,0,54.8,80.2,579.0,112.0,0.66,29.3,28.3,68.2,108,Kém,PM2.5,"{'pm25': 108, 'pm10': 65, 'co': 7, 'no2': 15, 'eco2': 48, 'level': 3, 'color': '#f97316'}"
2026-09-24T13:02:35.840507,16.0743766,108.1535769,35.0,0,55.7,83.8,587.0,105.0,0.7,30.0,28.4,68.3,109,Kém,PM2.5,"{'pm25': 109, 'pm10': 67, 'co': 7, 'no2': 15, 'eco2': 49, 'level': 3, 'color': '#f97316'}"
2026-09-24T13:03:04.775766,16.0743766,108.1535769,35.0,0,61.7,97.3,583.0,111.0,0.79,28.7,28.4,68.0,119,Kém,PM2.5,"{'pm25': 119, 'pm10': 74, 'co': 8, 'no2': 14, 'eco2': 49, 'level': 3, 'color': '#f97316'}"
2026-09-24T13:03:05.821065,16.0743766,108.1535769,35.0,0,62.9,88.4,567.0,110.0,0.82,30.4,28.4,68.3,121,Kém,PM2.5,"{'pm25': 121, 'pm10': 69, 'co': 8, 'no2': 15, 'eco2': 47, 'level': 3, 'color': '#f97316'}"
2026-09-24T13:03:06.866757,16.0743766,108.1535769,35.0,0,61.8,90.0,565.0,108.0,0.8,29.5,28.4,68.8,120,Kém,PM2.5,"{'pm25': 120, 'pm10': 70, 'co': 8, 'no2': 15, 'eco2': 47, 'level': 3, 'color': '#f97316'}"
2026-09-24T13:03:07.913106,16.0743766,108.1535769,35.0,0,61.5,91.8,556.0,102.0,0.8,29.3,28.3,68.8,119,Kém,PM2.5,"{'pm25': 119, 'pm10': 71, 'co': 8, 'no2': 15, 'eco2': 46, 'level': 3, 'color': '#f97316'}"
2026-09-24T13:03:08.958164,16.0743766,108.1535769,35.0,0,64.6,90.6,567.0,105.0,0.8,29.1,28.4,68.0,124,Kém,PM2.5,"{'pm25': 124, 'pm10': 70, 'co': 8, 'no2': 15, 'eco2': 47, 'level': 3, 'color': '#f97316'}"
2026-09-24T13:03:10.003162,16.0743766,108.1535769,35.0,0,63.6,97.3,564.0,112.0,0.75,30.4,28.4,68.6,123,Kém,PM2.5,"{'pm25': 123, 'pm10': 74, 'co': 8, 'no2': 15, 'eco2': 47, 'level': 3, 'color': '#f97316'}"
2026-09-24T13:03:11.048571,16.0743766,108.1535769,35.0,0,62.1,97.6,558.0,103.0,0.75,31.2,28.4,68.7,120,Kém,PM2.5,"{'pm25': 120, 'pm10': 74, 'co': 7, 'no2': 16, 'eco2': 47, 'level': 3, 'color': '#f97316'}"
2026-09-24T13:03:12.095001,16.0743766,108.1535769,35.0,0,59.0,83.8,540.0,96.0,0.71,30.6,28.4,68.2,115,Kém,PM2.5,"{'pm25': 115, 'pm10': 67, 'co': 7, 'no2': 15, 'eco2': 45, 'level': 3, 'color': '#f97316'}"
2026-09-24T13:03:13.139943,16.0743766,108.1535769,35.0,0,59.7,91.9,551.0,80.0,0.76,31.0,28.3,68.8,116,Kém,PM2.5,"{'pm25': 116, 'pm10': 71, 'co': 8, 'no2': 15, 'eco2': 46, 'level': 3, 'color': '#f97316'}"
2026-09-24T13:03:14.185386,16.0743766,108.1535769,35.0,0,57.5,91.9,550.0,80.0,0.72,31.5,28.3,68.6,113,Kém,PM2.5,"{'pm25': 113, 'pm10': 71, 'co': 7, 'no2': 16, 'eco2': 46, 'level': 3, 'color': '#f97316'}"
2026-09-24T13:04:25.679326,16.0760259,108.1560445,35.0,1,72.8,116.0,586.0,28.0,1.46,36.8,28.5,68.1,138,Kém,PM2.5,"{'pm25': 138, 'pm10': 83, 'co': 15, 'no2': 18, 'eco2': 49, 'level': 3, 'color': '#f97316'}"
2026-09-24T13:04:26.725219,16.0760259,108.1560445,35.0,1,72.8,107.1,572.0,26.0,1.5,37.0,28.4,68.8,138,Kém,PM2.5,"{'pm25': 138, 'pm10': 79, 'co': 15, 'no2': 18, 'eco2': 48, 'level': 3, 'color': '#f97316'}"
2026-09-24T13:04:27.772144,16.0760259,108.1560445,35.0,1,77.4,120.4,572.0,25.0,1.51,36.2,28.4,68.9,146,Kém,PM2.5,"{'pm25': 146, 'pm10': 85, 'co': 15, 'no2': 18, 'eco2': 48, 'level': 3, 'color': '#f97316'}"
2026-09-24T13:04:28.831756,16.0760259,108.1560445,35.0,1,78.9,118.0,561.0,20.0,1.54,37.1,28.5,68.9,148,Kém,PM2.5,"{'pm25': 148, 'pm10': 84, 'co': 15, 'no2': 19, 'eco2': 47, 'level': 3, 'color': '#f97316'}"
2026-09-24T13:04:29.876653,16.0760259,108.1560445,35.0,1,76.5,122.4,568.0,27.0,1.6,38.6,28.5,68.9,144,Kém,PM2.5,"{'pm25': 144, 'pm10': 86, 'co': 16, 'no2': 19, 'eco2': 47, 'level': 3, 'color': '#f97316'}"
2026-09-24T13:04:30.922375,16.0760259,108.1560445,35.0,1,73.7,103.9,555.0,26.0,1.55,39.5,28.5,68.5,140,Kém,PM2.5,"{'pm25': 140, 'pm10': 77, 'co': 16, 'no2': 20, 'eco2': 46, 'level': 3, 'color': '#f97316'}"
2026-09-24T13:04:31.968976,16.0760259,108.1560445,35.0,1,72.3,101.9,554.0,20.0,1.56,39.0,28.4,68.8,137,Kém,PM2.5,"{'pm25': 137, 'pm10': 76, 'co': 16, 'no2': 20, 'eco2': 46, 'level': 3, 'color': '#f97316'}"
2026-09-24T13:04:33.013441,16.0760259,108.1560445,35.0,1,75.0,107.9,550.0,20.0,1.54,39.6,28.5,68.1,142,Kém,PM2.5,"{'pm25': 142, 'pm10': 79, 'co': 15, 'no2': 20, 'eco2': 46, 'level': 3, 'color': '#f97316'}"
2026-09-24T13:04:34.059827,16.0760259,108.1560445,35.0,1,74.2,113.5,543.0,20.0,1.51,38.7,28.4,69.0,140,Kém,PM2.5,"{'pm25': 140, 'pm10': 82, 'co': 15, 'no2': 19, 'eco2': 45, 'level': 3, 'color': '#f97316'}"
2026-09-24T13:04:35.103830,16.0760259,108.1560445,35.0,1,73.4,113.9,550.0,20.0,1.55,39.5,28.4,68.3,139,Kém,PM2.5,"{'pm25': 139, 'pm10': 82, 'co': 16, 'no2': 20, 'eco2': 46, 'level': 3, 'color': '#f97316'}"
2026-09-24T13:05:55.270114,16.0778814,108.154242,35.0,0,86.3,133.9,565.0,34.0,1.81,42.6,28.4,68.2,154,Xấu,PM2.5,"{'pm25': 154, 'pm10': 92, 'co': 18, 'no2': 21, 'eco2': 47, 'level': 4, 'color': '#ef4444'}"
2026-09-24T13:05:56.314853,16.0778814,108.154242,35.0,0,85.2,127.5,564.0,31.0,1.85,43.0,28.5,68.7,154,Xấu,PM2.5,"{'pm25': 154, 'pm10': 89, 'co': 18, 'no2': 21, 'eco2': 47, 'level': 4, 'color': '#ef4444'}"
2026-09-24T13:05:57.360247,16.0778814,108.154242,35.0,0,83.1,118.2,555.0,30.0,1.92,42.2,28.5,68.5,152,Xấu,PM2.5,"{'pm25': 152, 'pm10': 84, 'co': 19, 'no2': 21, 'eco2': 46, 'level': 4, 'color': '#ef4444'}"
2026-09-24T13:05:58.406452,16.0778814,108.154242,35.0,0,83.2,123.8,540.0,23.0,1.92,41.6,28.4,68.2,152,Xấu,PM2.5,"{'pm25': 152, 'pm10': 87, 'co': 19, 'no2': 21, 'eco2': 45, 'level': 4, 'color': '#ef4444'}"
2026-09-24T13:05:59.451709,16.0778814,108.154242,35.0,0,83.1,126.2,534.0,21.0,1.96,41.4,28.4,68.7,152,Xấu,PM2.5,"{'pm25': 152, 'pm10': 88, 'co': 20, 'no2': 21, 'eco2': 45, 'level': 4, 'color': '#ef4444'}"
2026-09-24T13:06:00.498143,16.0778814,108.154242,35.0,0,84.0,134.0,533.0,26.0,1.97,42.3,28.3,68.9,153,Xấu,PM2.5,"{'pm25': 153, 'pm10': 92, 'co': 20, 'no2': 21, 'eco2': 44, 'level': 4, 'color': '#ef4444'}"
2026-09-24T13:06:01.543191,16.0778814,108.154242,35.0,0,85.2,135.5,539.0,20.0,1.96,41.8,28.4,68.4,154,Xấu,PM2.5,"{'pm25': 154, 'pm10': 93, 'co': 20, 'no2': 21, 'eco2': 45, 'level': 4, 'color': '#ef4444'}"
2026-09-24T13:06:02.588976,16.0778814,108.154242,35.0,0,85.5,136.3,528.0,20.0,1.97,42.0,28.4,68.3,154,Xấu,PM2.5,"{'pm25': 154, 'pm10': 93, 'co': 20, 'no2': 21, 'eco2': 44, 'level': 4, 'color': '#ef4444'}"
2026-09-24T13:06:03.635771,16.0778814,108.154242,35.0,0,87.8,130.4,530.0,20.0,1.96,42.2,28.3,68.4,156,Xấu,PM2.5,"{'pm25': 156, 'pm10': 90, 'co': 20, 'no2': 21, 'eco2': 44, 'level': 4, 'color': '#ef4444'}"
2026-09-24T13:06:04.682381,16.0778814,108.154242,35.0,0,88.5,133.2,530.0,20.0,2.02,41.2,28.4,68.4,156,Xấu,PM2.5,"{'pm25': 156, 'pm10': 92, 'co': 20, 'no2': 21, 'eco2': 44, 'level': 4, 'color': '#ef4444'}"
